{"cameraMode":{"drawMode":0,"name":"Shaded","section":"Shading Mode"},"sceneLighting":true,"audioPlay":false,"sceneViewState":{"m_AlwaysRefresh":false,"showFog":true,"showSkybox":true,"showFlares":true,"showImageEffects":true,"showParticleSystems":true,"showVisualEffectGraphs":true,"m_FxEnabled":true},"in2DMode":false,"pivot":{"x":639.9617919921875,"y":322.10247802734377,"z":338.46954345703127},"rotation":{"x":0.07622640579938889,"y":-0.4601319134235382,"z":0.03926694020628929,"w":0.8843945860862732},"size":819.1574096679688,"orthographic":true}